,Year,Player,GS,MP,PER,TRB%,AST%,STL%,BLK%,TOV%,WS,FG%,3P%,2P%,FTA,FT%,PTS,mvp,height,weight,years_played,"
							2017/18						"
0,2017,Derrick Rose,64,2082,17.0,6.4,22.8,1.1,0.7,11.9,3.0,0.47100000000000003,0.217,0.48700000000000004,253.0,0.8740000000000001,1154,Not MVP,190.0,86.0,8,"$2,533,488"
1,2017,Dirk Nowitzki,54,1424,17.0,14.4,10.6,1.1,2.4,6.6,2.5,0.43700000000000006,0.37799999999999995,0.46299999999999997,112.0,0.875,769,Not MVP,213.0,111.0,19,"$5,000,000"
2,2017,Kevin Durant,62,2070,27.6,13.6,23.1,1.5,3.8,10.4,12.0,0.537,0.375,0.608,384.0,0.875,1555,Not MVP,206.0,108.0,10,"$25,000,000"
3,2017,LeBron James,74,2794,27.0,12.6,41.3,1.6,1.3,16.1,12.9,0.5479999999999999,0.363,0.611,531.0,0.674,1954,Not MVP,203.0,113.0,14,"$33,285,709"
4,2017,Russell Westbrook,81,2802,30.6,17.1,57.3,2.3,0.9,15.9,13.1,0.425,0.34299999999999997,0.45899999999999996,840.0,0.845,2558,MVP,190.0,90.0,9,"$28,299,399"
5,2017,Stephen Curry,79,2638,24.6,7.3,31.1,2.6,0.5,13.0,12.6,0.46799999999999997,0.41100000000000003,0.537,362.0,0.898,1999,Not MVP,190.0,86.0,8,"$34,682,550"
7,2017,Aaron Brooks,0,894,9.5,4.3,20.7,1.4,0.9,17.2,0.3,0.40299999999999997,0.375,0.424,40.0,0.8,322,Not MVP,183.0,73.0,9,"$2,116,955"
8,2017,Aaron Gordon,72,2298,14.4,9.6,10.5,1.4,1.4,8.5,3.7,0.45399999999999996,0.28800000000000003,0.528,217.0,0.7190000000000001,1019,Not MVP,206.0,99.0,3,"$5,504,419"
9,2017,Aaron Harrison,0,17,-2.2,9.7,22.6,0.0,0.0,0.0,-0.1,0.0,0.0,0.0,2.0,0.5,1,Not MVP,198.0,95.0,2,"$174,570"
10,2017,Adreian Payne,0,135,14.4,14.3,8.0,3.0,4.4,11.4,0.2,0.426,0.2,0.513,19.0,0.737,63,Not MVP,208.0,107.0,3,"$75,000"
11,2017,Al Horford,68,2193,17.7,11.8,24.4,1.2,3.3,11.9,6.3,0.473,0.355,0.524,135.0,0.8,952,Not MVP,208.0,111.0,10,"$27,734,405"
12,2017,Al Jefferson,1,931,18.9,16.8,11.0,1.0,1.5,6.1,2.3,0.499,0.0,0.5,85.0,0.765,535,Not MVP,208.0,131.0,13,"$9,769,821"
13,2017,Al-Farouq Aminu,25,1773,11.3,14.1,7.9,1.7,2.0,15.2,1.9,0.39299999999999996,0.33,0.445,136.0,0.706,532,Not MVP,206.0,99.0,7,"$7,319,035"
15,2017,Alan Williams,0,708,19.5,22.4,5.2,1.8,3.7,10.5,2.1,0.517,0.0,0.519,112.0,0.625,346,Not MVP,198.0,90.0,2,"$6,000,000"
16,2017,Alec Burks,0,653,11.6,10.6,7.5,1.4,0.6,11.0,0.8,0.39899999999999997,0.32899999999999996,0.43,78.0,0.769,283,Not MVP,198.0,97.0,6,"$10,845,506"
17,2017,Alex Abrines,6,1055,10.1,4.5,5.5,1.7,0.6,8.3,2.1,0.39299999999999996,0.381,0.426,49.0,0.898,406,Not MVP,198.0,86.0,1,"$5,725,000"
18,2017,Alex Len,34,1560,15.0,17.8,4.2,1.1,5.1,15.5,3.0,0.49700000000000005,0.25,0.503,208.0,0.721,613,Not MVP,216.0,117.0,4,"$4,187,599"
19,2017,Alex Poythress,1,157,13.2,10.2,5.1,0.9,1.0,4.9,0.3,0.46299999999999997,0.316,0.5429999999999999,10.0,0.8,64,Not MVP,201.0,107.0,1,"$778,668"
20,2017,Alexis Ajinca,15,584,12.9,16.0,3.1,1.7,3.1,13.7,1.0,0.5,0.0,0.511,40.0,0.725,207,Not MVP,218.0,112.0,7,"$4,961,798"
21,2017,Allen Crabbe,7,2254,11.6,5.5,6.1,1.2,0.7,8.1,4.1,0.46799999999999997,0.444,0.49,124.0,0.847,845,Not MVP,198.0,95.0,4,"$18,500,000"
23,2017,Amir Johnson,77,1608,15.0,12.6,13.0,1.6,3.2,15.7,5.0,0.5760000000000001,0.409,0.612,100.0,0.67,520,Not MVP,206.0,108.0,12,"$11,000,000"
25,2017,Andre Drummond,81,2409,20.9,25.3,5.9,2.6,3.1,12.5,6.7,0.53,0.28600000000000003,0.532,355.0,0.386,1105,Not MVP,211.0,126.0,5,"$23,775,506"
26,2017,Andre Iguodala,0,1998,14.4,8.3,16.7,1.8,1.5,11.2,6.9,0.528,0.36200000000000004,0.6509999999999999,102.0,0.706,574,Not MVP,198.0,97.0,13,"$14,814,815"
27,2017,Andre Roberson,79,2376,9.6,9.4,4.6,1.9,2.7,9.1,4.2,0.46399999999999997,0.245,0.609,111.0,0.423,522,Not MVP,196.0,83.0,4,"$9,259,260"
28,2017,Andrew Bogut,42,1166,-5.533333333,14.46666667,8.2,0.8,2.6,33.4,0.46666666700000003,0.469,0.0,0.475,7.333333333,0.273,158,Not MVP,213.0,117.0,12,"$1,078,810"
29,2017,Andrew Harrison,18,1474,8.7,5.3,20.0,1.9,1.3,16.0,1.6,0.325,0.276,0.363,194.0,0.763,425,Not MVP,198.0,96.0,1,"$1,312,611"
30,2017,Andrew Nicholson,0,684,5.733333332999999,10.33333333,4.1,2.233333333,1.233333333,13.06666667,-0.1,0.38633333299999995,0.185,0.457666667,9.333333332999999,0.742,200,Not MVP,206.0,113.0,5,"$2,844,429"
31,2017,Andrew Wiggins,82,3048,16.5,6.3,10.6,1.4,0.8,9.4,4.2,0.452,0.35600000000000004,0.473,542.0,0.76,1933,Not MVP,203.0,90.0,3,"$7,574,322"
34,2017,Anthony Davis,75,2708,27.5,17.3,11.1,1.7,5.1,9.1,11.0,0.504,0.299,0.524,647.0,0.802,2099,Not MVP,206.0,97.0,5,"$23,775,506"
36,2017,Anthony Tolliver,9,1477,11.1,9.3,7.7,1.1,1.2,12.6,2.3,0.442,0.391,0.537,82.0,0.7440000000000001,461,Not MVP,203.0,108.0,9,"$5,290,000"
40,2017,Arron Afflalo,45,1580,9.0,4.6,7.4,0.7,0.4,8.4,1.4,0.44,0.41100000000000003,0.457,93.0,0.892,515,Not MVP,196.0,95.0,10,"$5,328,652"
41,2017,Austin Rivers,29,2054,11.4,4.4,15.0,1.2,0.4,12.4,2.5,0.442,0.371,0.491,191.0,0.691,889,Not MVP,193.0,90.0,5,"$11,825,000"
42,2017,Avery Bradley,55,1835,14.4,10.1,10.9,1.8,0.5,9.7,3.1,0.46299999999999997,0.39,0.504,93.0,0.731,894,Not MVP,188.0,81.0,7,"$8,808,989"
45,2017,Ben McLemore,26,1176,9.8,6.4,6.9,1.2,0.5,11.9,0.4,0.43,0.382,0.462,93.0,0.753,495,Not MVP,196.0,88.0,4,"$5,200,000"
48,2017,Blake Griffin,61,2076,22.7,13.4,24.5,1.4,0.9,10.9,7.7,0.493,0.336,0.514,421.0,0.76,1316,Not MVP,208.0,113.0,7,"$29,512,900"
50,2017,Bobby Brown,0,123,10.8,2.7,17.6,0.4,0.0,7.6,0.1,0.38299999999999995,0.4,0.36,2.0,1.0,62,Not MVP,193.0,92.0,3,"$1,231,500"
51,2017,Bobby Portis,13,1000,14.9,16.0,5.7,0.8,0.9,8.4,2.4,0.488,0.33299999999999996,0.541,59.0,0.6609999999999999,437,Not MVP,211.0,104.0,2,"$1,516,320"
52,2017,Bojan Bogdanovic,108,4166,13.76666667,7.233333332999999,8.0,0.8,0.36666666700000006,12.06666667,1.9333333330000002,0.44733333299999994,0.371666667,0.514,162.0,0.900333333,2226,Not MVP,198.0,92.0,3,"$10,500,000"
54,2017,Bradley Beal,77,2684,20.1,5.0,16.2,1.5,0.7,9.6,8.5,0.48200000000000004,0.40399999999999997,0.5379999999999999,342.0,0.825,1779,Not MVP,196.0,93.0,5,"$23,775,506"
55,2017,Brandan Wright,5,447,18.5,10.0,6.0,1.3,4.3,6.2,1.6,0.615,0.0,0.619,35.0,0.657,189,Not MVP,211.0,102.0,9,"$5,955,760"
57,2017,Brandon Ingram,40,2279,8.5,7.6,10.5,1.1,1.3,12.9,-0.3,0.402,0.294,0.44299999999999995,214.0,0.621,740,Not MVP,206.0,86.0,1,"$5,519,400"
58,2017,Brandon Jennings,26,3604,11.5,6.066666667000001,32.06666667,1.9333333330000002,0.166666667,17.16666667,1.133333333,0.33766666700000003,0.288333333,0.382333333,101.33333329999999,0.7373333329999999,1154,Not MVP,185.0,77.0,8,"$380,830"
59,2017,Brandon Knight,5,1140,12.3,5.6,17.8,1.1,0.4,13.1,0.3,0.39799999999999996,0.324,0.425,154.0,0.857,595,Not MVP,178.0,78.0,6,"$13,618,750"
60,2017,Brandon Rush,33,1030,6.6,5.6,5.8,1.1,1.9,12.6,0.4,0.374,0.386,0.35600000000000004,18.0,0.722,197,Not MVP,198.0,99.0,9,"$119,601"
62,2017,Briante Weber,0,410,9.8,6.466666667,14.76666667,2.933333333,0.7,11.96666667,0.2,0.40299999999999997,0.081,0.474,10.66666667,0.682333333,124,Not MVP,188.0,74.0,2,"$158,128"
64,2017,Brook Lopez,75,2222,20.4,9.6,14.8,0.8,4.2,12.1,4.9,0.474,0.34600000000000003,0.536,364.0,0.81,1539,Not MVP,213.0,124.0,9,"$22,642,350"
66,2017,Bryn Forbes,0,285,5.9,4.6,11.7,0.2,0.0,9.8,0.1,0.364,0.321,0.413,6.0,0.833,94,Not MVP,190.0,86.0,1,"$1,312,611"
67,2017,Buddy Hield,110,3776,12.2,7.833333333,10.3,1.066666667,0.4,11.53333333,0.8666666670000001,0.432666667,0.396,0.467,50.66666667,0.845,1732,Not MVP,193.0,97.0,1,"$3,675,480"
72,2017,Cameron Payne,0,924,5.266666667,5.8666666670000005,17.4,1.466666667,0.7,13.46666667,-0.233333333,0.332,0.315333333,0.34566666700000004,5.333333333,0.625,320,Not MVP,190.0,83.0,2,"$2,203,440"
73,2017,Caris LeVert,26,1237,12.2,8.0,13.7,1.9,0.5,12.3,1.8,0.45,0.321,0.5710000000000001,93.0,0.72,468,Not MVP,201.0,92.0,1,"$1,632,480"
74,2017,Carmelo Anthony,74,2538,17.9,9.3,14.5,1.2,1.1,9.0,4.7,0.433,0.359,0.466,365.0,0.833,1659,Not MVP,203.0,108.0,14,"$26,243,760"
75,2017,Chandler Parsons,34,675,7.6,7.1,12.8,1.5,0.7,9.1,0.2,0.33799999999999997,0.26899999999999996,0.38799999999999996,43.0,0.8140000000000001,210,Not MVP,208.0,104.0,6,"$23,112,004"
76,2017,Channing Frye,15,1398,15.6,11.4,4.9,1.2,2.1,8.8,3.7,0.45799999999999996,0.409,0.546,74.0,0.851,676,Not MVP,211.0,115.0,11,"$7,420,912"
77,2017,Chasson Randle,0,598,14.53333333,5.333333333,16.0,1.6,0.666666667,12.83333333,0.46666666700000003,0.41966666700000005,0.35100000000000003,0.48866666700000005,28.66666667,0.962666667,274,Not MVP,188.0,83.0,1,"$1,312,611"
81,2017,Chris McCullough,0,160,11.03333333,13.1,3.1,2.7,1.333333333,16.2,0.066666667,0.33866666700000003,0.10333333300000001,0.6,3.333333333,0.589,72,Not MVP,211.0,90.0,2,"$1,471,382"
82,2017,Chris Paul,61,1921,26.2,8.8,46.8,3.1,0.3,14.0,10.6,0.47600000000000003,0.41100000000000003,0.518,260.0,0.892,1104,Not MVP,183.0,79.0,12,"$24,268,959"
85,2017,Cody Zeller,58,1725,16.7,12.9,9.1,1.8,3.0,10.9,5.6,0.5710000000000001,0.0,0.5720000000000001,196.0,0.679,639,Not MVP,213.0,108.0,4,"$12,584,270"
87,2017,Corey Brewer,22,2562,9.966666667,7.233333332999999,11.56666667,2.5,1.333333333,12.66666667,0.8,0.42466666700000005,0.22366666699999999,0.519333333,45.33333333,0.7373333329999999,742,Not MVP,206.0,84.0,10,"$8,105,615"
88,2017,Cory Joseph,22,2003,13.2,6.6,20.0,1.7,0.6,13.1,3.4,0.452,0.35600000000000004,0.47700000000000004,122.0,0.77,740,Not MVP,190.0,87.0,6,"$7,630,000"
89,2017,Courtney Lee,74,2459,12.1,5.7,10.6,1.6,0.8,8.5,4.2,0.456,0.401,0.49,98.0,0.867,835,Not MVP,196.0,90.0,9,"$11,747,890"
91,2017,D'Angelo Russell,60,1811,15.3,6.7,26.8,2.3,0.7,15.6,1.3,0.405,0.35200000000000004,0.447,188.0,0.782,984,Not MVP,188.0,86.0,2,"$5,562,360"
95,2017,Damian Lillard,75,2694,24.1,7.6,28.7,1.3,0.6,10.2,10.3,0.444,0.37,0.491,545.0,0.895,2024,Not MVP,190.0,88.0,5,"$26,153,057"
98,2017,Danilo Gallinari,63,2134,17.4,8.4,9.1,0.9,0.5,8.1,6.9,0.447,0.389,0.491,387.0,0.902,1145,Not MVP,208.0,102.0,8,"$20,559,599"
99,2017,Danny Green,68,1807,10.2,7.0,9.6,2.0,2.6,14.1,3.4,0.392,0.379,0.42,32.0,0.8440000000000001,497,Not MVP,206.0,100.0,8,"$10,000,000"
100,2017,Dante Cunningham,35,1649,10.2,8.9,3.1,1.2,1.4,7.0,3.0,0.485,0.392,0.579,27.0,0.593,435,Not MVP,203.0,104.0,8,"$2,300,000"
101,2017,Dante Exum,26,1228,8.6,6.2,14.2,0.9,0.8,16.8,1.2,0.42700000000000005,0.295,0.519,73.0,0.795,412,Not MVP,198.0,86.0,2,"$4,992,385"
103,2017,Dario Saric,36,2129,12.8,13.3,14.3,1.3,1.1,15.2,1.0,0.41100000000000003,0.311,0.469,220.0,0.782,1040,Not MVP,208.0,101.0,1,"$2,785,944"
104,2017,Darrell Arthur,7,639,12.8,9.7,9.3,1.5,2.5,13.8,1.1,0.442,0.45299999999999996,0.429,22.0,0.8640000000000001,262,Not MVP,206.0,106.0,8,"$7,464,912"
105,2017,Darren Collison,64,2063,15.3,4.3,24.5,1.6,0.4,12.6,3.9,0.47600000000000003,0.41700000000000004,0.495,171.0,0.86,900,Not MVP,183.0,79.0,8,"$10,000,000"
106,2017,Darrun Hilliard,1,381,5.9,4.7,12.3,1.5,0.4,16.8,-0.2,0.373,0.261,0.43799999999999994,28.0,0.75,127,Not MVP,198.0,92.0,2,"$75,000"
108,2017,David Nwaba,2,397,12.1,8.5,5.0,1.6,1.4,10.1,0.7,0.58,0.2,0.605,39.0,0.6409999999999999,120,Not MVP,193.0,94.0,1,"$1,312,611"
109,2017,David West,0,854,16.6,13.0,24.1,2.4,4.4,22.0,2.6,0.536,0.375,0.541,56.0,0.768,316,Not MVP,206.0,113.0,14,"$2,328,652"
110,2017,Davis Bertans,6,808,12.9,6.9,8.3,1.3,2.8,11.4,2.3,0.44,0.39899999999999997,0.557,34.0,0.8240000000000001,303,Not MVP,208.0,95.0,1,"$1,312,611"
111,2017,DeAndre Jordan,81,2570,21.8,24.2,5.7,1.0,4.3,13.2,11.8,0.7140000000000001,0.0,0.7170000000000001,425.0,0.48200000000000004,1029,Not MVP,211.0,120.0,9,"$22,642,350"
112,2017,DeAndre Liggins,38,1554,10.76666667,10.46666667,6.233333332999999,3.4,1.0,14.13333333,0.333333333,0.423,0.24933333300000002,0.46033333299999996,26.66666667,0.638,304,Not MVP,198.0,94.0,4,"$1,505,942"
114,2017,DeMar DeRozan,74,2620,24.0,8.3,20.6,1.5,0.4,9.0,9.0,0.467,0.266,0.484,647.0,0.8420000000000001,2020,Not MVP,201.0,100.0,8,"$27,739,975"
115,2017,DeMarcus Cousins,144,4930,25.16666667,18.53333333,24.6,2.0333333330000003,3.166666667,13.7,5.066666667,0.451666667,0.363,0.48366666700000005,446.66666669999995,0.773,3884,Not MVP,211.0,122.0,7,"$18,063,850"
116,2017,DeMarre Carroll,72,1882,11.9,8.3,5.7,2.2,1.2,8.3,3.8,0.401,0.341,0.485,117.0,0.7609999999999999,638,Not MVP,203.0,97.0,8,"$14,800,000"
117,2017,Dejounte Murray,8,322,9.6,7.4,22.6,1.3,1.5,22.7,0.0,0.431,0.391,0.441,30.0,0.7,130,Not MVP,196.0,77.0,1,"$1,312,611"
118,2017,Delon Wright,0,446,15.0,6.1,18.2,3.1,2.1,15.1,1.1,0.42200000000000004,0.33299999999999996,0.45299999999999996,55.0,0.764,150,Not MVP,196.0,83.0,2,"$1,645,200"
119,2017,Demetrius Jackson,0,17,30.8,13.1,28.2,0.0,0.0,0.0,0.1,0.75,1.0,0.667,6.0,0.5,10,Not MVP,185.0,91.0,1,"$242,016"
121,2017,Denzel Valentine,0,976,7.3,8.3,9.3,1.5,0.6,14.2,0.6,0.354,0.35100000000000003,0.363,18.0,0.778,291,Not MVP,198.0,96.0,1,"$2,186,400"
122,2017,Deron Williams,88,3314,13.46666667,5.1,33.96666667,0.9,0.533333333,18.16666667,1.6,0.443666667,0.375333333,0.48666666700000005,72.66666667,0.8290000000000001,1402,Not MVP,190.0,90.0,12,"$5,474,787"
123,2017,Derrick Favors,39,1186,15.8,14.9,7.9,2.0,2.7,11.4,2.7,0.48700000000000004,0.3,0.491,109.0,0.615,476,Not MVP,208.0,120.0,7,"$12,000,000"
124,2017,Derrick Jones,8,545,12.0,7.9,3.1,1.2,1.9,8.6,1.1,0.562,0.273,0.591,41.0,0.7070000000000001,168,Not MVP,203.0,100.0,1,"$460,625"
125,2017,Derrick Williams,22,1608,10.6,9.0,5.133333333,0.9,0.7,9.066666667,0.7333333329999999,0.44733333299999994,0.304333333,0.54,59.33333333,0.654666667,608,Not MVP,190.0,90.0,6,"$104,059"
126,2017,Devin Booker,78,2730,14.6,5.0,16.3,1.3,0.6,12.9,2.0,0.423,0.363,0.447,441.0,0.8320000000000001,1726,Not MVP,198.0,93.0,2,"$2,319,360"
127,2017,Devin Harris,0,1087,13.8,6.8,20.0,2.1,0.6,12.5,2.2,0.39899999999999997,0.32799999999999996,0.47600000000000003,129.0,0.8290000000000001,437,Not MVP,190.0,87.0,13,"$4,402,546"
131,2017,Dion Waiters,43,1384,14.5,6.2,23.8,1.5,1.1,12.5,1.6,0.424,0.395,0.43799999999999994,127.0,0.6459999999999999,729,Not MVP,193.0,102.0,5,"$12,100,000"
132,2017,Domantas Sabonis,66,1632,6.9,9.7,7.2,1.2,1.6,14.0,0.7,0.39899999999999997,0.321,0.43799999999999994,67.0,0.657,479,Not MVP,211.0,108.0,1,"$2,550,000"
134,2017,Dorian Finney-Smith,35,1642,7.7,7.8,6.0,1.6,1.4,11.1,1.4,0.37200000000000005,0.293,0.479,61.0,0.754,350,Not MVP,203.0,99.0,1,"$1,312,611"
135,2017,Doug McDermott,10,3016,10.43333333,6.4,5.6,0.36666666700000006,0.26666666699999997,6.1333333329999995,1.733333333,0.44799999999999995,0.37,0.507,56.0,0.810666667,1184,Not MVP,203.0,102.0,3,"$3,294,994"
136,2017,Dragan Bender,0,574,5.3,9.7,5.5,0.8,3.1,16.2,-0.3,0.354,0.27699999999999997,0.483,11.0,0.364,146,Not MVP,216.0,102.0,1,"$4,468,800"
137,2017,Draymond Green,76,2471,16.5,13.3,27.6,3.0,3.4,19.8,8.2,0.418,0.308,0.494,213.0,0.7090000000000001,776,Not MVP,201.0,104.0,5,"$16,400,000"
138,2017,Dwight Howard,74,2199,20.8,23.5,7.8,1.4,3.6,17.5,8.3,0.633,0.0,0.635,424.0,0.5329999999999999,1002,Not MVP,211.0,120.0,13,"$23,500,000"
139,2017,Dwight Powell,3,1333,17.6,13.3,6.1,2.4,2.6,7.2,4.6,0.515,0.284,0.5710000000000001,141.0,0.759,516,Not MVP,211.0,108.0,3,"$9,003,125"
140,2017,Dwyane Wade,59,1792,18.5,8.2,22.4,2.4,1.8,11.3,3.4,0.434,0.31,0.456,281.0,0.794,1096,Not MVP,193.0,99.0,14,"$17,878,652"
141,2017,E'Twaun Moore,22,1820,12.1,4.4,13.8,1.3,1.4,8.7,2.7,0.457,0.37,0.501,74.0,0.77,700,Not MVP,208.0,102.0,6,"$8,445,024"
144,2017,Elfrid Payton,58,2412,17.2,8.7,35.7,1.8,1.3,15.0,4.4,0.47100000000000003,0.27399999999999997,0.509,211.0,0.6920000000000001,1046,Not MVP,193.0,83.0,3,"$3,332,340"
146,2017,Emmanuel Mudiay,41,1406,10.9,7.0,21.8,1.4,0.7,16.5,0.2,0.377,0.315,0.408,167.0,0.784,603,Not MVP,196.0,90.0,2,"$3,381,480"
147,2017,Enes Kanter,0,1533,23.7,17.4,7.9,1.0,2.0,12.5,5.8,0.545,0.132,0.568,285.0,0.7859999999999999,1033,Not MVP,211.0,111.0,6,"$17,884,176"
148,2017,Eric Bledsoe,66,2176,20.6,8.0,31.1,2.0,1.2,15.3,5.4,0.434,0.335,0.47700000000000004,458.0,0.847,1390,Not MVP,185.0,86.0,7,"$14,500,000"
149,2017,Eric Gordon,15,2323,13.1,4.7,12.3,1.0,1.4,10.0,3.8,0.406,0.37200000000000005,0.46799999999999997,175.0,0.84,1217,Not MVP,193.0,97.0,9,"$12,943,020"
150,2017,Ersan Ilyasova,104,4284,12.6,12.95,8.825,1.625,1.025,13.075,2.025,0.4145,0.3275,0.5525,103.5,0.782,2142,Not MVP,208.0,106.0,9,"$6,514,288"
151,2017,Evan Fournier,66,2234,13.9,5.1,14.8,1.5,0.1,11.8,2.8,0.439,0.35600000000000004,0.491,277.0,0.805,1167,Not MVP,201.0,92.0,5,"$17,000,000"
152,2017,Evan Turner,12,1658,11.4,8.3,18.4,1.6,1.2,14.3,1.2,0.426,0.263,0.47,103.0,0.825,586,Not MVP,201.0,99.0,7,"$17,131,148"
153,2017,Frank Kaminsky,16,1954,13.0,9.5,13.5,1.2,1.5,8.0,2.3,0.39899999999999997,0.32799999999999996,0.455,156.0,0.7559999999999999,874,Not MVP,213.0,109.0,2,"$2,847,600"
154,2017,Fred VanVleet,0,294,10.5,8.1,17.5,2.9,0.6,11.1,0.3,0.35100000000000003,0.379,0.341,22.0,0.818,107,Not MVP,183.0,88.0,1,"$1,312,611"
155,2017,Garrett Temple,21,1728,11.2,6.1,14.5,2.5,1.5,14.4,2.2,0.424,0.373,0.47600000000000003,74.0,0.784,506,Not MVP,198.0,88.0,7,"$8,000,000"
156,2017,Gary Harris,56,1782,16.5,5.5,13.6,1.9,0.3,9.8,4.6,0.502,0.42,0.5579999999999999,134.0,0.7759999999999999,851,Not MVP,193.0,95.0,3,"$2,550,055"
159,2017,George Hill,49,1544,19.3,6.2,22.6,1.7,0.6,10.9,5.9,0.47700000000000004,0.40299999999999997,0.523,196.0,0.8009999999999999,829,Not MVP,190.0,85.0,9,"$20,000,000"
160,2017,Georges Niang,0,93,0.1,10.3,7.5,1.6,0.0,11.9,-0.3,0.25,0.083,0.33299999999999996,2.0,1.0,21,Not MVP,203.0,104.0,1,"$100,000"
161,2017,Georgios Papagiannis,0,355,12.7,14.0,9.0,0.4,4.4,18.2,0.4,0.5489999999999999,0.0,0.56,14.0,0.857,124,Not MVP,216.0,108.0,1,"$2,486,757"
162,2017,Gerald Green,0,538,12.0,8.8,9.8,0.8,1.1,9.1,0.6,0.409,0.35100000000000003,0.46299999999999997,41.0,0.805,262,Not MVP,201.0,92.0,10,"$1,381,403"
163,2017,Gerald Henderson,41,1667,10.8,6.1,10.5,1.2,0.7,9.0,2.1,0.423,0.353,0.455,165.0,0.8059999999999999,662,Not MVP,188.0,79.0,21,"$1,000,000"
164,2017,Giannis Antetokounmpo,80,2845,26.1,14.3,26.6,2.3,4.7,13.3,12.4,0.521,0.272,0.563,612.0,0.77,1832,Not MVP,211.0,100.0,4,"$22,471,911"
166,2017,Goran Dragic,73,2459,19.7,6.3,29.0,1.8,0.4,14.1,7.5,0.475,0.405,0.499,377.0,0.79,1483,Not MVP,190.0,86.0,9,"$17,000,450"
167,2017,Gordon Hayward,73,2516,22.2,9.0,18.2,1.5,0.6,9.4,10.4,0.47100000000000003,0.39799999999999996,0.506,429.0,0.8440000000000001,1601,Not MVP,203.0,102.0,7,"$29,727,900"
168,2017,Gorgui Dieng,82,2653,14.2,14.2,8.6,1.7,3.1,12.7,5.7,0.502,0.37200000000000005,0.511,167.0,0.8140000000000001,816,Not MVP,211.0,109.0,4,"$14,112,360"
169,2017,Greg Monroe,0,1823,21.1,17.0,17.3,2.6,1.8,14.4,5.6,0.5329999999999999,0.0,0.536,239.0,0.741,951,Not MVP,211.0,120.0,7,"$21,384,175"
171,2017,Harrison Barnes,79,2803,16.3,8.2,7.8,1.2,0.5,6.8,4.6,0.46799999999999997,0.35100000000000003,0.49200000000000005,281.0,0.861,1518,Not MVP,190.0,92.0,5,"$23,112,004"
173,2017,Henry Ellenson,2,146,7.5,15.3,7.2,0.3,0.6,17.2,-0.2,0.359,0.28600000000000003,0.44799999999999995,8.0,0.5,60,Not MVP,211.0,111.0,1,"$1,780,800"
175,2017,Ian Clark,0,1137,13.1,5.9,11.2,1.7,0.6,10.7,2.3,0.48700000000000004,0.374,0.556,58.0,0.759,527,Not MVP,190.0,79.0,4,"$1,577,230"
177,2017,Iman Shumpert,31,1937,9.0,6.2,7.8,1.6,1.1,12.9,2.0,0.41100000000000003,0.36,0.469,90.0,0.789,567,Not MVP,196.0,99.0,6,"$10,337,079"
178,2017,Isaiah Canaan,0,592,8.1,4.5,9.0,1.9,0.1,9.6,0.5,0.364,0.266,0.48100000000000004,33.0,0.909,181,Not MVP,183.0,91.0,4,"$1,113,863"
179,2017,Isaiah Taylor,0,52,0.3,3.1,7.1,0.9,1.6,0.0,0.0,0.14300000000000002,0.0,0.2,2.0,0.5,3,Not MVP,190.0,77.0,1,"$1,312,611"
180,2017,Isaiah Thomas,76,2569,26.5,4.4,32.6,1.4,0.4,10.7,12.6,0.46299999999999997,0.379,0.528,649.0,0.909,2199,Not MVP,185.0,81.0,6,"$6,261,394"
181,2017,Isaiah Whitehead,26,1643,7.5,5.9,17.7,1.2,1.7,20.3,-0.8,0.402,0.295,0.446,113.0,0.805,543,Not MVP,193.0,96.0,1,"$1,312,611"
183,2017,Ivica Zubac,11,609,17.0,14.3,8.1,1.1,4.4,10.4,1.1,0.529,0.0,0.536,49.0,0.653,284,Not MVP,216.0,120.0,1,"$1,312,611"
187,2017,JaMychal Green,75,2101,13.5,14.8,6.3,1.1,1.5,14.1,5.8,0.5,0.379,0.5489999999999999,167.0,0.802,689,Not MVP,206.0,102.0,3,"$8,533,333"
188,2017,JaVale McGee,10,739,25.2,18.1,3.8,1.2,7.1,9.8,3.5,0.652,0.0,0.66,111.0,0.505,472,Not MVP,213.0,122.0,9,"$2,116,955"
189,2017,Jabari Parker,50,1728,19.1,10.6,14.3,1.5,1.1,9.2,4.1,0.49,0.365,0.525,218.0,0.743,1025,Not MVP,203.0,113.0,3,"$6,782,392"
190,2017,Jae Crowder,72,2335,14.9,9.9,10.1,1.5,0.8,8.8,6.7,0.46299999999999997,0.39799999999999996,0.54,217.0,0.8109999999999999,999,Not MVP,198.0,106.0,5,"$6,796,117"
192,2017,Jake Layman,1,249,4.9,5.3,6.2,1.8,1.0,10.2,-0.3,0.292,0.255,0.342,17.0,0.765,78,Not MVP,206.0,95.0,1,"$1,312,611"
194,2017,Jamal Crawford,1,2157,12.0,3.3,15.1,1.4,0.5,12.3,1.9,0.413,0.36,0.444,203.0,0.857,1008,Not MVP,196.0,90.0,17,"$15,270,762"
195,2017,Jamal Murray,10,1764,11.9,6.7,14.0,1.4,1.1,12.6,1.4,0.40399999999999997,0.33399999999999996,0.466,120.0,0.883,811,Not MVP,193.0,93.0,1,"$3,858,618"
196,2017,Jameer Nelson,39,2045,11.4,5.2,26.0,1.3,0.3,17.0,2.8,0.444,0.38799999999999996,0.489,63.0,0.7140000000000001,687,Not MVP,183.0,86.0,13,"$6,998,920"
197,2017,James Ennis,28,1501,10.6,9.9,6.5,1.6,1.2,13.8,3.2,0.455,0.37200000000000005,0.516,110.0,0.782,429,Not MVP,201.0,95.0,3,"$3,028,410"
198,2017,James Harden,81,2947,27.3,12.2,50.7,2.0,1.0,19.5,15.0,0.44,0.34700000000000003,0.53,881.0,0.847,2356,Not MVP,196.0,99.0,8,"$28,299,399"
199,2017,James Johnson,5,2085,17.0,9.9,20.9,1.8,3.2,16.5,5.1,0.479,0.34,0.5479999999999999,215.0,0.7070000000000001,975,Not MVP,206.0,113.0,8,"$13,734,000"
202,2017,James Young,0,220,10.0,6.6,2.6,2.3,0.7,6.1,0.3,0.431,0.34299999999999997,0.565,9.0,0.667,68,Not MVP,198.0,97.0,3,"$75,000"
203,2017,Jared Dudley,7,1362,10.6,9.0,12.5,1.5,0.9,16.1,1.8,0.45399999999999996,0.379,0.5589999999999999,65.0,0.662,434,Not MVP,201.0,102.0,10,"$10,000,000"
205,2017,Jarell Eddie,0,62,9.7,6.1,0.0,0.8,0.0,4.2,0.1,0.316,0.25,0.667,9.0,0.889,24,Not MVP,201.0,98.0,2,"$166,256"
206,2017,Jarell Martin,3,558,8.7,16.6,2.2,1.6,1.5,13.9,0.6,0.384,0.36,0.389,50.0,0.8,165,Not MVP,208.0,108.0,2,"$1,471,382"
208,2017,Jarrett Jack,0,33,7.7,0.0,20.3,3.0,0.0,43.6,0.0,0.667,0.0,1.0,2.0,1.0,6,Not MVP,190.0,90.0,12,"$2,328,652"
210,2017,Jason Smith,3,1068,13.6,13.6,5.0,1.0,4.3,14.2,2.3,0.529,0.474,0.546,51.0,0.6859999999999999,420,Not MVP,211.0,113.0,9,"$5,225,000"
211,2017,Jason Terry,0,1365,9.0,4.5,9.9,1.7,1.3,12.3,2.1,0.43200000000000005,0.42700000000000005,0.444,29.0,0.828,307,Not MVP,188.0,83.0,18,"$2,328,652"
212,2017,Jaylen Brown,20,1341,10.3,9.1,7.2,1.3,1.1,12.5,1.5,0.45399999999999996,0.341,0.507,124.0,0.685,515,Not MVP,193.0,97.0,1,"$4,956,480"
213,2017,Jeff Green,11,1534,10.5,7.6,8.1,1.2,0.7,10.6,0.7,0.39399999999999996,0.275,0.45799999999999996,168.0,0.863,638,Not MVP,196.0,88.0,9,"$2,116,955"
214,2017,Jeff Teague,82,2657,19.2,7.0,36.4,1.9,1.1,16.5,8.1,0.442,0.35700000000000004,0.475,415.0,0.867,1254,Not MVP,188.0,84.0,8,"$19,000,000"
215,2017,Jeff Withey,1,432,18.8,16.2,2.5,1.9,6.0,10.1,1.8,0.534,0.0,0.539,48.0,0.75,146,Not MVP,213.0,104.0,4,"$593,780"
216,2017,Jerami Grant,8,3062,7.9,8.066666667,2.833333333,0.7333333329999999,5.266666667,10.93333333,1.9333333330000002,0.428333333,0.24933333300000002,0.479,98.0,0.5770000000000001,874,Not MVP,203.0,95.0,3,"$1,524,305"
217,2017,Jeremy Lamb,5,1143,17.0,12.7,11.3,1.2,1.8,6.8,2.7,0.46,0.281,0.536,129.0,0.853,603,Not MVP,196.0,83.0,5,"$7,000,000"
218,2017,Jeremy Lin,33,883,19.2,8.1,35.5,2.2,1.2,15.7,2.1,0.43799999999999994,0.37200000000000005,0.48,141.0,0.816,523,Not MVP,190.0,90.0,7,"$12,000,000"
219,2017,Jerian Grant,28,1028,13.1,5.8,17.3,2.3,0.6,11.7,2.5,0.425,0.366,0.473,73.0,0.89,370,Not MVP,203.0,95.0,2,"$1,713,840"
220,2017,Jerryd Bayless,1,71,8.7,9.3,29.4,0.0,0.0,19.8,-0.1,0.344,0.4,0.33299999999999996,10.0,0.9,33,Not MVP,190.0,90.0,9,"$9,000,000"
221,2017,Jimmy Butler,75,2809,25.1,9.0,24.8,2.6,0.9,9.3,13.8,0.455,0.36700000000000005,0.47700000000000004,676.0,0.865,1816,Not MVP,201.0,99.0,6,"$18,696,918"
222,2017,Joakim Noah,46,1015,15.2,21.3,14.1,1.5,3.0,19.8,2.3,0.493,0.0,0.495,78.0,0.436,232,Not MVP,211.0,104.0,10,"$17,765,000"
223,2017,Jodie Meeks,10,738,13.1,5.7,9.3,2.3,0.4,11.1,1.1,0.402,0.409,0.395,74.0,0.878,327,Not MVP,193.0,95.0,8,"$3,290,000"
224,2017,Joe Harris,11,1138,9.0,6.8,7.3,1.2,0.5,12.5,0.8,0.425,0.385,0.489,49.0,0.7140000000000001,428,Not MVP,198.0,99.0,3,"$1,524,305"
225,2017,Joe Ingles,26,1972,12.4,7.6,17.1,2.6,0.3,18.2,5.0,0.452,0.441,0.47100000000000003,68.0,0.735,581,Not MVP,203.0,102.0,3,"$13,636,364"
226,2017,Joe Johnson,14,1843,12.8,7.6,12.6,1.0,0.8,9.5,3.8,0.436,0.41100000000000003,0.45399999999999996,77.0,0.818,715,Not MVP,201.0,90.0,16,"$10,254,904"
229,2017,Joel Bolomboy,0,53,19.7,18.5,6.3,1.0,3.1,9.7,0.2,0.563,0.25,0.667,6.0,0.5,22,Not MVP,206.0,106.0,1,"$1,068,143"
230,2017,Joel Embiid,31,786,24.1,17.0,16.0,1.7,7.7,17.9,1.9,0.466,0.36700000000000005,0.495,244.0,0.7829999999999999,627,Not MVP,213.0,113.0,1,"$6,100,266"
231,2017,Joffrey Lauvergne,2,1960,12.36666667,14.33333333,11.1,1.333333333,0.36666666700000006,13.36666667,1.0,0.432333333,0.32766666699999997,0.47333333299999997,48.66666667,0.6226666670000001,750,Not MVP,211.0,99.0,3,"$1,524,305"
232,2017,John Henson,39,1123,15.3,15.3,7.7,1.3,6.1,13.0,2.7,0.515,0.0,0.516,107.0,0.6920000000000001,392,Not MVP,211.0,103.0,5,"$11,422,536"
235,2017,John Wall,78,2836,23.2,6.5,46.9,2.7,1.4,16.2,8.8,0.451,0.327,0.48,527.0,0.8009999999999999,1805,Not MVP,193.0,88.0,7,"$18,063,850"
236,2017,Johnny O'Bryant,0,160,14.93333333,13.06666667,13.5,0.0,0.9,15.53333333,0.1,0.5,0.5,0.5,4.0,0.777666667,76,Not MVP,206.0,116.0,3,"$1,524,305"
237,2017,Jon Leuer,34,1944,14.2,11.3,8.6,0.8,1.1,8.7,4.5,0.48,0.293,0.545,113.0,0.867,767,Not MVP,208.0,103.0,6,"$10,497,319"
238,2017,Jonas Jerebko,6,1232,9.3,12.3,8.1,1.0,1.1,12.3,2.1,0.435,0.34600000000000003,0.523,37.0,0.703,299,Not MVP,208.0,104.0,7,"$4,000,000"
239,2017,Jonas Valanciunas,80,2066,20.1,20.8,4.4,0.9,2.6,11.7,7.9,0.557,0.5,0.557,217.0,0.8109999999999999,959,Not MVP,213.0,120.0,5,"$15,460,675"
240,2017,Jonathan Gibson,0,231,9.5,5.5,18.8,1.8,0.0,16.3,-0.1,0.368,0.33299999999999996,0.4,29.0,0.7240000000000001,106,Not MVP,188.0,83.0,1,"$74,158"
241,2017,Jonathon Simmons,8,1392,9.9,6.5,13.2,1.7,1.5,13.7,2.0,0.42,0.294,0.461,132.0,0.75,483,Not MVP,185.0,83.0,2,"$6,300,000"
242,2017,Jordan Clarkson,19,2397,13.1,5.6,14.4,1.8,0.3,12.5,1.2,0.445,0.32899999999999996,0.503,168.0,0.7979999999999999,1205,Not MVP,196.0,87.0,3,"$11,562,500"
243,2017,Jordan Crawford,0,442,17.6,4.1,22.7,1.2,0.4,9.8,0.9,0.48200000000000004,0.389,0.5529999999999999,26.0,0.769,267,Not MVP,196.0,95.0,5,"$1,709,538"
247,2017,Jordan Mickey,1,141,9.8,13.4,7.1,1.1,3.5,18.3,0.1,0.441,0.0,0.455,14.0,0.5710000000000001,38,Not MVP,203.0,106.0,2,"$1,471,382"
248,2017,Jose Calderon,26,1078,8.9,7.5,23.2,1.0,0.166666667,22.46666667,0.2,0.41,0.311,0.507,8.0,0.930666667,282,Not MVP,190.0,90.0,12,"$2,328,652"
249,2017,Josh Huestis,0,31,26.1,16.1,15.5,0.0,7.7,0.0,0.2,0.545,0.5,0.5710000000000001,1.0,0.0,14,Not MVP,201.0,104.0,2,"$1,471,382"
250,2017,Josh McRoberts,14,381,9.8,10.7,18.9,1.3,0.8,15.9,0.3,0.373,0.419,0.35600000000000004,9.0,0.667,107,Not MVP,208.0,108.0,10,"$6,021,175"
251,2017,Josh Richardson,34,1614,10.7,5.8,12.7,1.9,1.9,10.6,2.2,0.39399999999999996,0.33,0.444,77.0,0.779,539,Not MVP,198.0,90.0,2,"$1,471,382"
252,2017,Jrue Holiday,61,2190,17.1,6.4,35.9,2.2,1.6,16.7,3.8,0.45299999999999996,0.35600000000000004,0.498,168.0,0.708,1029,Not MVP,193.0,92.0,8,"$25,686,667"
253,2017,Juan Hernangomez,9,842,13.3,12.3,4.7,1.7,1.1,10.7,1.8,0.451,0.40700000000000003,0.495,76.0,0.75,305,Not MVP,206.0,104.0,1,"$2,076,840"
254,2017,Julius Randle,73,2132,16.3,16.3,19.3,1.1,1.4,16.2,3.5,0.488,0.27,0.507,282.0,0.723,975,Not MVP,206.0,113.0,3,"$4,149,242"
255,2017,Justin Anderson,20,2456,13.8,11.23333333,8.933333333,1.6666666669999999,1.5666666669999998,11.83333333,1.266666667,0.429333333,0.298,0.5329999999999999,86.0,0.788666667,1064,Not MVP,198.0,103.0,2,"$1,579,440"
256,2017,Justin Hamilton,7,1177,13.6,11.8,7.3,1.2,2.8,9.7,2.1,0.45899999999999996,0.304,0.601,52.0,0.75,442,Not MVP,213.0,117.0,3,"$1,000,000"
258,2017,Justin Holiday,4,1639,12.7,7.4,9.2,2.0,1.5,10.3,2.5,0.433,0.355,0.513,80.0,0.825,629,Not MVP,198.0,83.0,4,"$4,500,000"
259,2017,Justise Winslow,15,625,8.2,8.3,15.5,2.2,0.8,11.8,-0.1,0.35600000000000004,0.2,0.384,47.0,0.617,196,Not MVP,201.0,102.0,2,"$2,705,040"
260,2017,Jusuf Nurkic,96,2782,17.86666667,18.7,14.23333333,1.8,4.3,18.56666667,1.333333333,0.5073333329999999,0.0,0.5086666670000001,140.0,0.575666667,1324,Not MVP,213.0,127.0,3,"$2,947,304"
262,2017,Karl-Anthony Towns,82,3030,26.0,19.4,13.2,1.0,2.9,11.3,12.7,0.542,0.36700000000000005,0.5820000000000001,428.0,0.8320000000000001,2061,Not MVP,213.0,110.0,2,"$6,216,840"
263,2017,Kawhi Leonard,74,2474,27.5,9.8,18.9,2.7,1.8,9.1,13.6,0.485,0.381,0.529,533.0,0.88,1888,Not MVP,201.0,104.0,6,"$18,868,625"
264,2017,Kay Felder,0,386,11.2,5.9,22.7,2.3,1.5,14.7,0.0,0.392,0.318,0.40399999999999997,49.0,0.7140000000000001,166,Not MVP,175.0,79.0,1,"$474,616"
265,2017,Kelly Olynyk,6,1538,15.2,13.0,15.2,1.4,1.5,14.6,4.1,0.512,0.354,0.608,123.0,0.732,678,Not MVP,213.0,107.0,4,"$10,607,169"
266,2017,Kelly Oubre,5,1605,9.1,9.1,4.0,1.8,0.9,9.2,2.1,0.42100000000000004,0.287,0.52,99.0,0.758,501,Not MVP,201.0,92.0,2,"$2,093,040"
267,2017,Kemba Walker,79,2739,21.3,6.2,29.1,1.6,0.7,9.5,8.1,0.444,0.39899999999999997,0.47600000000000003,359.0,0.847,1830,Not MVP,203.0,95.0,6,"$12,000,000"
268,2017,Kenneth Faried,34,1296,20.3,19.7,6.3,1.6,2.4,10.4,4.6,0.5479999999999999,0.0,0.556,189.0,0.693,587,Not MVP,203.0,103.0,6,"$12,921,348"
269,2017,Kent Bazemore,64,1963,11.5,6.5,14.2,2.3,2.3,13.6,2.1,0.409,0.34600000000000003,0.446,168.0,0.708,801,Not MVP,196.0,91.0,5,"$16,910,112"
270,2017,Kentavious Caldwell-Pope,75,2529,12.8,5.3,11.2,1.8,0.4,7.9,4.5,0.39899999999999997,0.35,0.442,185.0,0.8320000000000001,1047,Not MVP,196.0,92.0,4,"$17,745,894"
271,2017,Kevin Love,60,1885,21.1,19.5,9.8,1.4,0.9,10.9,6.4,0.42700000000000005,0.373,0.47100000000000003,295.0,0.871,1142,Not MVP,208.0,113.0,9,"$22,642,350"
273,2017,Kevon Looney,4,447,13.4,15.2,8.5,1.5,3.0,12.2,1.4,0.523,0.222,0.551,34.0,0.618,135,Not MVP,206.0,99.0,2,"$1,471,382"
274,2017,Khris Middleton,23,889,15.0,8.1,17.5,2.3,0.7,14.8,1.6,0.45,0.433,0.45899999999999996,92.0,0.88,426,Not MVP,203.0,106.0,5,"$14,100,000"
275,2017,Klay Thompson,78,2649,17.4,5.9,9.3,1.2,1.2,8.0,7.1,0.46799999999999997,0.414,0.516,218.0,0.853,1742,Not MVP,201.0,97.0,6,"$17,826,150"
276,2017,Kosta Koufos,62,1419,13.8,16.4,5.3,1.3,3.1,12.7,2.6,0.551,0.0,0.552,62.0,0.613,470,Not MVP,213.0,120.0,9,"$8,393,000"
277,2017,Kris Dunn,7,1333,8.1,7.3,19.4,3.0,2.3,20.8,0.1,0.377,0.28800000000000003,0.40399999999999997,59.0,0.61,293,Not MVP,193.0,95.0,1,"$4,046,760"
279,2017,Kristaps Porzingis,65,2164,17.4,11.8,7.3,1.1,4.9,9.7,4.5,0.45,0.35700000000000004,0.493,252.0,0.7859999999999999,1196,Not MVP,221.0,108.0,2,"$4,503,600"
280,2017,Kyle Anderson,14,1020,12.5,11.5,12.4,2.5,2.1,14.3,2.7,0.445,0.375,0.462,57.0,0.789,246,Not MVP,206.0,104.0,3,"$2,151,704"
281,2017,Kyle Korver,44,3506,12.16666667,5.8666666670000005,9.366666667,0.966666667,1.0,11.46666667,2.433333333,0.46333333299999996,0.44833333299999995,0.493666667,28.0,0.909,1356,Not MVP,201.0,96.0,14,"$7,000,000"
282,2017,Kyle Lowry,60,2244,22.9,7.3,29.9,2.0,0.7,13.8,10.1,0.46399999999999997,0.41200000000000003,0.518,365.0,0.8190000000000001,1344,Not MVP,183.0,92.0,11,"$28,703,704"
283,2017,Kyle O'Quinn,8,1229,20.5,19.2,14.8,1.5,6.9,14.5,3.9,0.521,0.11800000000000001,0.5379999999999999,83.0,0.7709999999999999,496,Not MVP,208.0,113.0,5,"$4,087,500"
284,2017,Kyle Singler,2,385,5.9,6.9,3.2,0.9,1.0,10.8,0.3,0.41,0.18899999999999997,0.5870000000000001,17.0,0.765,88,Not MVP,203.0,103.0,5,"$4,666,500"
286,2017,Kyrie Irving,72,2525,23.0,5.0,29.7,1.6,0.8,10.3,8.9,0.473,0.401,0.505,328.0,0.905,1816,Not MVP,190.0,87.0,6,"$18,868,626"
287,2017,LaMarcus Aldridge,72,2335,18.6,12.7,9.9,1.0,3.1,7.7,7.3,0.47700000000000004,0.41100000000000003,0.48,271.0,0.812,1243,Not MVP,211.0,117.0,11,"$21,461,010"
289,2017,Lance Stephenson,0,722,9.2,8.2,22.95,0.6,0.625,16.975,0.025,0.452,0.25625,0.48075,6.5,0.60175,244,Not MVP,196.0,104.0,7,"$4,180,000"
290,2017,Lance Thomas,15,968,8.4,7.9,5.0,1.1,0.4,8.6,0.9,0.39799999999999996,0.447,0.371,51.0,0.843,275,Not MVP,203.0,106.0,6,"$6,655,325"
291,2017,Langston Galloway,4,2990,9.866666667,5.566666667000001,9.8,1.333333333,0.3,9.066666667,0.8666666670000001,0.386,0.414,0.365333333,42.66666667,0.827666667,1170,Not MVP,188.0,90.0,3,"$6,666,667"
294,2017,Lavoy Allen,5,871,11.6,14.2,9.1,1.0,2.4,13.7,1.7,0.45799999999999996,0.0,0.461,33.0,0.6970000000000001,177,Not MVP,206.0,117.0,6,"$3,500,000"
295,2017,Leandro Barbosa,0,963,11.5,5.9,13.0,1.5,0.7,10.4,0.6,0.439,0.35700000000000004,0.466,45.0,0.889,419,Not MVP,190.0,87.0,14,"$500,000"
298,2017,Lucas Nogueira,6,1088,15.5,12.6,5.4,2.4,7.2,19.9,3.7,0.66,0.25,0.6940000000000001,67.0,0.657,253,Not MVP,213.0,109.0,3,"$2,947,304"
300,2017,Luke Babbitt,55,1065,8.4,7.4,4.8,1.0,0.8,8.0,1.8,0.402,0.414,0.366,15.0,0.733,324,Not MVP,206.0,102.0,7,"$1,974,159"
301,2017,Luol Deng,49,1486,10.1,10.8,7.0,1.6,1.1,8.7,0.9,0.387,0.309,0.436,63.0,0.73,425,Not MVP,206.0,99.0,13,"$17,190,000"
302,2017,Malachi Richardson,0,198,9.6,6.7,8.7,1.3,0.5,9.5,0.1,0.41200000000000003,0.28600000000000003,0.5,19.0,0.789,79,Not MVP,198.0,92.0,1,"$1,504,560"
303,2017,Malcolm Brogdon,28,1982,14.9,6.3,24.3,2.2,0.5,14.1,4.1,0.457,0.40399999999999997,0.48,126.0,0.865,767,Not MVP,196.0,97.0,1,"$1,312,611"
304,2017,Malcolm Delaney,2,1248,7.5,5.5,23.1,1.5,0.1,18.1,0.1,0.374,0.23600000000000002,0.428,93.0,0.8059999999999999,391,Not MVP,190.0,86.0,1,"$2,500,000"
305,2017,Malik Beasley,1,165,13.7,5.7,10.2,2.1,0.0,9.4,0.2,0.452,0.321,0.5329999999999999,10.0,0.8,83,Not MVP,196.0,88.0,1,"$1,700,640"
307,2017,Manu Ginobili,0,1291,13.9,6.9,20.8,3.2,1.0,16.5,3.0,0.39,0.392,0.387,107.0,0.804,517,Not MVP,198.0,92.0,15,"$2,500,000"
308,2017,Marc Gasol,74,2531,20.2,10.4,24.8,1.4,3.7,11.3,7.7,0.45899999999999996,0.38799999999999996,0.48,332.0,0.8370000000000001,1446,Not MVP,216.0,115.0,9,"$22,642,350"
310,2017,Marcin Gortat,82,2556,15.5,18.7,6.8,0.8,2.1,13.7,6.8,0.579,0.0,0.58,159.0,0.648,883,Not MVP,211.0,108.0,10,"$12,782,609"
311,2017,Marco Belinelli,0,1778,13.3,5.5,13.1,1.2,0.4,9.2,3.2,0.429,0.36,0.488,168.0,0.893,780,Not MVP,196.0,95.0,10,"$7,082,277"
312,2017,Marcus Georges-Hunt,0,48,10.2,10.2,8.3,1.0,0.0,14.9,0.1,0.28600000000000003,0.5,0.2,10.0,0.9,14,Not MVP,196.0,97.0,1,"$1,312,611"
313,2017,Marcus Morris,79,2565,12.4,7.8,9.4,1.0,0.8,7.4,3.9,0.418,0.331,0.466,185.0,0.784,1105,Not MVP,188.0,88.0,6,"$5,000,000"
314,2017,Marcus Smart,24,2399,12.0,7.1,22.0,2.6,1.2,15.6,3.2,0.359,0.28300000000000003,0.42,250.0,0.812,835,Not MVP,193.0,99.0,3,"$4,538,019"
316,2017,Mario Hezonja,2,960,7.2,8.3,9.6,1.5,1.2,14.1,-0.7,0.355,0.299,0.39799999999999996,50.0,0.8,317,Not MVP,203.0,97.0,2,"$4,078,320"
317,2017,Markieff Morris,76,2374,13.7,11.7,7.8,1.7,1.5,11.6,4.1,0.457,0.36200000000000004,0.483,215.0,0.8370000000000001,1063,Not MVP,188.0,88.0,6,"$8,000,000"
318,2017,Marquese Chriss,75,1743,12.3,10.8,5.2,1.8,3.2,13.2,1.8,0.449,0.321,0.52,181.0,0.624,753,Not MVP,208.0,105.0,1,"$3,073,800"
319,2017,Marreese Speights,2,1286,17.6,16.2,8.1,0.9,2.6,10.2,4.2,0.445,0.37200000000000005,0.52,137.0,0.8759999999999999,711,Not MVP,208.0,115.0,9,"$2,116,955"
321,2017,Marvin Williams,76,2295,13.7,11.9,7.1,1.3,2.0,7.2,5.0,0.42200000000000004,0.35,0.494,150.0,0.873,849,Not MVP,185.0,89.0,12,"$13,168,750"
322,2017,Mason Plumlee,128,4296,17.76666667,15.5,19.03333333,1.5666666669999998,3.433333333,15.66666667,4.0,0.538333333,0.0,0.5429999999999999,200.0,0.588333333,1684,Not MVP,211.0,111.0,4,"$14,041,096"
323,2017,Matt Barnes,36,3554,10.4,12.36666667,15.16666667,1.333333333,1.3666666669999998,17.8,1.333333333,0.39899999999999997,0.334666667,0.48200000000000004,59.33333333,0.805,1054,Not MVP,203.0,95.0,14,"$6,400,625"
324,2017,Matthew Dellavedova,54,1986,9.4,4.3,25.7,1.4,0.0,18.8,1.2,0.39,0.36700000000000005,0.40399999999999997,96.0,0.8540000000000001,577,Not MVP,193.0,89.0,4,"$9,607,500"
328,2017,Meyers Leonard,12,1222,8.9,10.7,8.4,0.5,1.8,8.1,1.4,0.386,0.34700000000000003,0.436,40.0,0.875,401,Not MVP,216.0,111.0,5,"$9,904,495"
329,2017,Michael Beasley,6,935,17.8,12.0,9.9,1.5,2.5,12.7,1.8,0.532,0.419,0.545,105.0,0.743,528,Not MVP,206.0,106.0,9,"$2,116,955"
330,2017,Michael Carter-Williams,19,846,9.9,9.7,20.0,2.3,2.2,16.3,0.2,0.366,0.23399999999999999,0.401,77.0,0.753,297,Not MVP,198.0,86.0,4,"$2,700,000"
331,2017,Michael Gbinije,0,32,-2.1,5.1,7.9,0.0,0.0,0.0,-0.1,0.1,0.0,0.16699999999999998,2.0,1.0,4,Not MVP,201.0,90.0,1,"$500,000"
332,2017,Michael Kidd-Gilchrist,81,2349,14.3,13.2,7.4,1.7,2.9,7.4,5.8,0.47700000000000004,0.111,0.483,194.0,0.784,743,Not MVP,201.0,105.0,5,"$13,000,000"
333,2017,Mike Conley,68,2292,23.2,6.0,34.5,2.1,0.8,11.8,10.0,0.46,0.408,0.49700000000000005,368.0,0.8590000000000001,1415,Not MVP,185.0,79.0,10,"$28,530,608"
334,2017,Mike Dunleavy,4,1682,9.866666667,7.5,8.533333333,0.8666666670000001,0.666666667,10.66666667,1.0,0.420333333,0.392,0.46766666700000004,30.0,0.794333333,550,Not MVP,190.0,81.0,26,"$1,600,000"
336,2017,Mike Muscala,3,1237,14.4,10.7,11.9,1.2,2.8,13.1,3.4,0.504,0.418,0.546,64.0,0.7659999999999999,435,Not MVP,211.0,108.0,4,"$5,000,000"
337,2017,Mike Scott,0,195,5.9,10.4,12.5,1.0,1.3,11.3,-0.1,0.28800000000000003,0.14800000000000002,0.406,8.0,0.875,45,Not MVP,203.0,107.0,5,"$1,709,538"
340,2017,Mindaugas Kuzminskas,5,1016,12.4,6.7,10.3,1.4,0.9,11.3,1.2,0.428,0.321,0.517,68.0,0.809,425,Not MVP,206.0,97.0,1,"$3,028,410"
341,2017,Mirza Teletovic,2,1133,8.8,8.3,6.4,0.5,1.0,7.8,0.6,0.373,0.341,0.46,45.0,0.778,451,Not MVP,206.0,109.0,5,"$10,500,000"
342,2017,Monta Ellis,33,1998,10.0,5.7,17.2,2.0,1.2,18.0,1.1,0.44299999999999995,0.319,0.483,128.0,0.727,630,Not MVP,190.0,83.0,12,"$2,245,400"
343,2017,Montrezl Harrell,14,1064,19.2,11.2,9.6,0.9,3.2,9.9,4.1,0.652,0.14300000000000002,0.6629999999999999,121.0,0.628,527,Not MVP,203.0,108.0,2,"$1,471,382"
344,2017,Myles Turner,81,2541,18.5,13.0,6.6,1.5,6.0,9.5,8.0,0.511,0.348,0.536,303.0,0.809,1173,Not MVP,211.0,110.0,2,"$2,483,040"
345,2017,Nemanja Bjelica,1,1190,11.0,12.0,9.6,1.7,1.4,13.4,1.5,0.424,0.316,0.531,61.0,0.738,403,Not MVP,208.0,108.0,2,"$3,950,000"
347,2017,Nerlens Noel,38,2094,20.36666667,16.0,8.033333333,3.066666667,4.166666667,12.46666667,2.666666667,0.593666667,0.0,0.595666667,74.0,0.695,890,Not MVP,211.0,103.0,3,"$4,187,599"
348,2017,Nick Collison,0,128,12.8,13.0,13.2,0.8,1.2,13.1,0.4,0.609,0.0,0.636,8.0,0.625,33,Not MVP,208.0,115.0,13,"$2,328,652"
349,2017,Nick Young,60,1556,14.1,4.8,5.8,1.2,0.7,5.1,3.2,0.43,0.40399999999999997,0.48100000000000004,90.0,0.856,791,Not MVP,201.0,95.0,10,"$5,192,000"
350,2017,Nicolas Batum,77,2617,15.8,10.1,27.6,1.6,1.0,15.0,4.5,0.40299999999999997,0.33299999999999996,0.45299999999999996,284.0,0.856,1164,Not MVP,203.0,90.0,9,"$22,434,783"
351,2017,Nicolas Brussino,2,521,10.7,10.6,13.9,1.7,1.4,14.7,0.6,0.369,0.305,0.5,22.0,0.773,150,Not MVP,201.0,88.0,1,"$393,041"
353,2017,Nik Stauskas,27,2188,9.0,5.7,12.9,1.0,1.2,15.5,1.4,0.396,0.368,0.433,150.0,0.813,756,Not MVP,198.0,92.0,3,"$3,807,146"
354,2017,Nikola Jokic,59,2038,26.4,19.5,28.8,1.5,2.1,15.2,9.7,0.578,0.324,0.628,228.0,0.825,1221,Not MVP,208.0,113.0,2,"$1,471,382"
355,2017,Nikola Mirotic,15,1679,14.5,12.3,6.9,1.6,2.7,10.4,3.8,0.413,0.342,0.52,128.0,0.773,744,Not MVP,208.0,99.0,3,"$12,500,000"
356,2017,Nikola Vucevic,55,2163,19.1,19.6,16.9,1.8,2.8,9.6,4.0,0.46799999999999997,0.307,0.48100000000000004,160.0,0.669,1096,Not MVP,213.0,117.0,6,"$12,250,000"
357,2017,Noah Vonleh,41,1265,10.8,17.0,3.4,1.2,1.7,17.1,1.8,0.48100000000000004,0.35,0.49200000000000005,94.0,0.638,327,Not MVP,208.0,108.0,3,"$4,031,018"
358,2017,Norman Powell,18,1368,14.0,6.9,9.3,1.9,0.9,10.8,2.8,0.449,0.324,0.514,159.0,0.792,636,Not MVP,193.0,97.0,2,"$1,471,382"
360,2017,Okaro White,0,471,7.5,9.6,6.0,1.1,1.7,15.7,0.6,0.379,0.353,0.396,22.0,0.909,98,Not MVP,203.0,92.0,1,"$1,460,927"
362,2017,Omri Casspi,4,1286,9.65,8.225,6.375,1.525,0.35,15.775,0.25,0.49075,0.35700000000000004,0.54275,14.5,0.594,372,Not MVP,206.0,102.0,8,"$2,106,470"
363,2017,Otto Porter,80,2605,17.3,11.1,6.7,2.2,1.3,4.8,9.4,0.516,0.434,0.5760000000000001,119.0,0.8320000000000001,1075,Not MVP,203.0,89.0,4,"$24,773,250"
365,2017,Pascal Siakam,38,859,11.5,12.2,2.9,1.5,4.5,13.1,1.6,0.502,0.14300000000000002,0.515,32.0,0.688,229,Not MVP,206.0,104.0,1,"$1,312,611"
366,2017,Pat Connaughton,1,316,11.8,9.1,12.7,0.9,0.5,18.3,0.6,0.514,0.515,0.513,9.0,0.778,98,Not MVP,196.0,93.0,2,"$1,471,382"
368,2017,Patrick Beverley,67,2058,13.0,10.4,18.8,2.3,1.0,14.6,5.3,0.42,0.382,0.46299999999999997,95.0,0.768,639,Not MVP,185.0,83.0,5,"$5,513,514"
369,2017,Patrick McCaw,20,1074,8.6,5.2,9.0,1.4,1.1,12.1,1.7,0.433,0.33299999999999996,0.5329999999999999,37.0,0.784,282,Not MVP,201.0,83.0,1,"$1,312,611"
370,2017,Patrick Patterson,8,1599,10.8,10.3,6.6,1.3,1.2,8.5,3.3,0.401,0.37200000000000005,0.45799999999999996,60.0,0.7170000000000001,445,Not MVP,206.0,104.0,7,"$5,192,000"
372,2017,Pau Gasol,39,1627,20.2,17.4,14.7,0.8,3.5,10.6,6.4,0.502,0.5379999999999999,0.494,184.0,0.7070000000000001,792,Not MVP,213.0,113.0,16,"$16,000,000"
373,2017,Paul George,75,2689,20.2,10.3,16.1,2.2,0.9,12.6,7.1,0.461,0.39299999999999996,0.501,374.0,0.898,1775,Not MVP,206.0,99.0,7,"$19,300,000"
374,2017,Paul Millsap,67,2343,17.8,12.5,17.9,1.9,2.3,12.1,6.4,0.442,0.311,0.486,405.0,0.768,1246,Not MVP,203.0,111.0,11,"$30,769,231"
375,2017,Paul Pierce,7,277,5.7,9.7,5.0,0.7,1.5,17.4,0.1,0.4,0.349,0.48100000000000004,13.0,0.769,81,Not MVP,201.0,106.0,19,"$3,679,840"
376,2017,Paul Zipser,18,843,6.9,8.0,6.1,0.9,1.5,14.4,0.5,0.39799999999999996,0.33299999999999996,0.451,40.0,0.775,240,Not MVP,203.0,97.0,1,"$1,312,611"
378,2017,Quincy Acy,2,1116,7.833333333,10.6,3.433333333,0.833333333,1.4,9.7,0.6333333329999999,0.377,0.329333333,0.409,40.0,0.723666667,444,Not MVP,201.0,108.0,5,"$1,709,538"
379,2017,Quinn Cook,0,376,11.33333333,2.066666667,23.06666667,1.033333333,0.0,16.73333333,0.133333333,0.492333333,0.42666666700000005,0.5489999999999999,3.333333333,0.35566666700000005,158,Not MVP,188.0,83.0,1,"$175,000"
381,2017,Rajon Rondo,42,1843,13.6,10.4,37.0,2.7,0.5,22.4,2.3,0.408,0.376,0.418,50.0,0.6,538,Not MVP,185.0,84.0,11,"$6,300,000"
383,2017,Ramon Sessions,1,811,12.3,4.9,24.2,1.6,0.3,12.7,0.9,0.38,0.33899999999999997,0.39299999999999996,118.0,0.7709999999999999,312,Not MVP,190.0,86.0,10,"$2,986,463"
385,2017,Rashad Vaughn,2,458,7.8,6.2,7.4,2.1,1.9,8.1,0.0,0.365,0.321,0.413,5.0,0.4,142,Not MVP,198.0,91.0,2,"$2,338,653"
386,2017,Raul Neto,0,346,10.7,5.0,15.1,3.2,1.2,13.6,0.7,0.451,0.32299999999999995,0.517,9.0,0.889,100,Not MVP,185.0,81.0,2,"$1,471,382"
387,2017,Raymond Felton,11,1700,10.9,7.1,16.3,2.0,1.1,13.3,2.0,0.43,0.319,0.473,64.0,0.7809999999999999,538,Not MVP,185.0,92.0,12,"$2,328,652"
388,2017,Reggie Bullock,5,467,11.7,7.5,8.8,1.9,0.5,7.1,1.0,0.42200000000000004,0.384,0.473,7.0,0.7140000000000001,141,Not MVP,201.0,92.0,4,"$2,500,000"
389,2017,Reggie Jackson,50,1424,14.9,4.3,30.3,1.2,0.3,13.4,1.9,0.419,0.359,0.442,136.0,0.868,752,Not MVP,190.0,94.0,6,"$16,000,000"
391,2017,Richard Jefferson,13,1614,8.2,6.9,6.6,0.8,0.5,11.8,2.1,0.446,0.33299999999999996,0.58,108.0,0.741,448,Not MVP,201.0,105.0,16,"$4,828,652"
392,2017,Richaun Holmes,17,1193,18.6,14.4,8.3,1.7,3.7,10.7,3.7,0.5579999999999999,0.35100000000000003,0.606,103.0,0.6990000000000001,559,Not MVP,208.0,111.0,2,"$1,471,382"
393,2017,Ricky Rubio,75,2469,16.8,7.2,38.9,2.6,0.3,20.1,6.1,0.402,0.306,0.44299999999999995,285.0,0.8909999999999999,836,Not MVP,193.0,87.0,6,"$14,100,000"
394,2017,Robert Covington,67,2119,13.2,11.3,7.5,2.9,2.6,13.9,3.1,0.39899999999999997,0.33299999999999996,0.484,174.0,0.8220000000000001,864,Not MVP,206.0,97.0,4,"$16,698,103"
395,2017,Robin Lopez,81,2271,14.4,12.3,5.6,0.4,4.1,9.9,4.3,0.493,0.0,0.494,104.0,0.721,839,Not MVP,213.0,115.0,9,"$13,788,500"
396,2017,Rodney Hood,55,1593,12.4,7.3,10.1,1.3,0.6,8.3,2.6,0.408,0.371,0.44,115.0,0.7829999999999999,748,Not MVP,203.0,93.0,3,"$2,386,864"
397,2017,Rodney McGruder,65,1966,9.1,7.2,8.8,1.2,0.7,10.2,2.9,0.413,0.332,0.488,71.0,0.62,497,Not MVP,193.0,92.0,1,"$1,312,611"
399,2017,Ron Baker,13,857,7.5,6.2,17.3,2.0,0.8,19.2,-0.1,0.37799999999999995,0.267,0.45,43.0,0.6509999999999999,215,Not MVP,193.0,99.0,1,"$4,328,000"
400,2017,Rondae Hollis-Jefferson,50,1761,13.7,13.6,13.4,2.2,1.9,15.1,2.6,0.434,0.22399999999999998,0.46299999999999997,253.0,0.7509999999999999,675,Not MVP,201.0,99.0,2,"$1,674,078"
401,2017,Ronnie Price,0,134,5.9,4.5,16.9,3.9,0.6,10.4,0.0,0.16699999999999998,0.17600000000000002,0.14300000000000002,4.0,0.75,14,Not MVP,188.0,86.0,12,"$2,442,455"
403,2017,Rudy Gay,30,1013,17.9,10.8,13.9,2.2,2.3,12.8,1.8,0.455,0.37200000000000005,0.483,138.0,0.855,562,Not MVP,203.0,104.0,11,"$8,406,000"
404,2017,Rudy Gobert,81,2744,23.3,21.8,5.7,0.9,6.4,15.1,14.3,0.662,0.0,0.6629999999999999,476.0,0.653,1137,Not MVP,216.0,111.0,4,"$21,224,719"
405,2017,Ryan Anderson,72,2116,13.5,8.5,4.7,0.7,0.5,6.2,5.2,0.418,0.40299999999999997,0.446,150.0,0.86,979,Not MVP,208.0,108.0,9,"$19,578,455"
407,2017,Salah Mejri,11,905,14.8,19.8,2.4,1.8,6.1,19.6,3.0,0.642,0.33299999999999996,0.649,61.0,0.59,213,Not MVP,216.0,111.0,2,"$1,471,382"
408,2017,Sam Dekker,2,1419,13.0,10.9,7.7,1.3,1.2,8.2,3.1,0.473,0.321,0.591,68.0,0.5589999999999999,504,Not MVP,206.0,104.0,2,"$1,794,600"
410,2017,Sean Kilpatrick,24,1754,13.1,8.4,14.6,1.2,0.3,13.9,1.4,0.415,0.341,0.46799999999999997,242.0,0.843,919,Not MVP,193.0,95.0,3,"$4,774,445"
412,2017,Serge Ibaka,158,4844,15.9,12.26666667,4.8,0.7666666670000001,4.166666667,9.7,3.4,0.47566666700000004,0.39233333299999995,0.516,83.33333333,0.8613333329999999,2346,Not MVP,208.0,106.0,8,"$20,061,729"
414,2017,Seth Curry,42,2029,15.5,5.1,15.9,2.0,0.3,11.0,4.6,0.48100000000000004,0.425,0.528,100.0,0.85,898,Not MVP,188.0,83.0,4,"$3,028,410"
415,2017,Shabazz Muhammad,1,1516,14.9,8.5,3.7,0.7,0.3,7.6,2.7,0.48200000000000004,0.336,0.529,190.0,0.774,772,Not MVP,198.0,101.0,4,"$1,924,755"
416,2017,Shabazz Napier,2,512,13.6,6.6,19.5,3.1,0.3,16.7,0.6,0.39899999999999997,0.37,0.429,49.0,0.7759999999999999,218,Not MVP,185.0,79.0,3,"$2,361,359"
417,2017,Shaun Livingston,3,1345,10.1,6.2,13.5,1.4,1.2,15.1,2.6,0.547,0.33299999999999996,0.55,60.0,0.7,389,Not MVP,201.0,87.0,12,"$7,692,308"
420,2017,Shelvin Mack,9,1205,10.9,6.1,20.4,1.8,0.2,17.8,1.4,0.446,0.308,0.51,77.0,0.688,430,Not MVP,190.0,92.0,6,"$6,000,000"
421,2017,Skal Labissiere,12,612,16.8,15.3,7.5,1.3,1.9,12.9,1.3,0.537,0.375,0.5429999999999999,74.0,0.703,289,Not MVP,211.0,102.0,1,"$1,312,611"
422,2017,Solomon Hill,71,2374,8.0,6.8,8.1,1.5,1.1,13.3,2.7,0.384,0.348,0.43,128.0,0.805,563,Not MVP,201.0,102.0,4,"$12,236,535"
423,2017,Spencer Dinwiddie,18,1334,12.7,6.5,20.3,1.6,1.3,15.1,2.8,0.444,0.376,0.478,159.0,0.792,432,Not MVP,198.0,90.0,3,"$1,524,305"
424,2017,Spencer Hawes,2,1594,16.33333333,13.83333333,16.76666667,0.833333333,3.0,13.53333333,1.133333333,0.48966666700000006,0.315333333,0.577333333,34.66666667,0.835333333,674,Not MVP,216.0,111.0,10,"$2,007,058"
425,2017,Stanley Johnson,1,1371,7.2,7.5,10.5,2.1,1.5,15.5,0.4,0.353,0.292,0.39799999999999996,53.0,0.679,339,Not MVP,203.0,99.0,2,"$3,097,800"
428,2017,Steven Adams,80,2389,16.5,14.2,5.4,1.8,2.6,16.0,6.4,0.5710000000000001,0.0,0.5720000000000001,257.0,0.611,905,Not MVP,213.0,115.0,4,"$22,471,911"
431,2017,Taj Gibson,142,3978,14.8,12.86666667,5.533333333,1.133333333,2.6,12.03333333,2.7,0.511,0.466,0.514333333,105.33333329999999,0.715666667,1692,Not MVP,206.0,102.0,8,"$14,000,000"
432,2017,Tarik Black,16,1091,15.0,17.1,5.3,1.3,3.3,14.5,2.4,0.51,0.5,0.51,109.0,0.752,383,Not MVP,206.0,113.0,3,"$3,290,000"
435,2017,Terrence Ross,48,3910,13.13333333,5.766666667000001,7.333333333,2.3,1.4,8.466666667,2.333333333,0.436333333,0.35966666700000005,0.519,51.33333333,0.834333333,1716,Not MVP,201.0,93.0,5,"$10,500,000"
436,2017,Terry Rozier,0,1263,10.8,10.0,15.2,1.8,0.7,9.7,1.4,0.36700000000000005,0.318,0.405,66.0,0.773,410,Not MVP,188.0,86.0,2,"$1,988,520"
437,2017,Thabo Sefolosha,42,1596,11.9,9.3,9.9,3.0,1.7,11.9,3.3,0.441,0.342,0.484,75.0,0.733,444,Not MVP,201.0,99.0,11,"$5,250,000"
438,2017,Thaddeus Young,74,2237,14.9,11.3,8.4,2.6,1.2,11.7,4.6,0.527,0.381,0.557,86.0,0.523,814,Not MVP,203.0,100.0,10,"$12,921,348"
440,2017,Thon Maker,34,562,14.0,11.8,6.2,0.9,4.1,7.7,1.3,0.45899999999999996,0.37799999999999995,0.514,49.0,0.653,226,Not MVP,216.0,97.0,1,"$3,086,784"
442,2017,Tim Frazier,35,1525,12.4,6.0,31.4,1.8,0.3,18.0,2.4,0.40299999999999997,0.313,0.446,129.0,0.76,464,Not MVP,185.0,77.0,3,"$2,000,000"
445,2017,Timofey Mozgov,52,1104,12.3,13.1,5.9,0.7,2.3,16.6,1.1,0.515,0.0,0.517,78.0,0.8079999999999999,401,Not MVP,216.0,124.0,7,"$15,280,000"
447,2017,Tobias Harris,48,2567,16.9,8.8,8.8,1.2,1.3,7.6,6.9,0.48100000000000004,0.34700000000000003,0.537,226.0,0.841,1321,Not MVP,190.0,86.0,6,"$16,000,000"
448,2017,Tomas Satoransky,3,719,8.5,6.5,16.7,1.8,0.7,19.1,0.6,0.418,0.243,0.47700000000000004,33.0,0.6970000000000001,154,Not MVP,201.0,95.0,1,"$3,000,000"
450,2017,Tony Allen,66,1914,13.3,11.7,8.4,3.1,1.4,13.3,3.1,0.461,0.278,0.479,130.0,0.615,643,Not MVP,193.0,96.0,13,"$1,471,382"
451,2017,Tony Parker,63,1587,13.0,4.0,27.8,1.1,0.1,12.5,3.0,0.466,0.33299999999999996,0.484,117.0,0.726,638,Not MVP,188.0,83.0,16,"$15,453,126"
452,2017,Tony Snell,80,2336,9.7,6.2,5.9,1.2,0.5,8.8,3.4,0.455,0.406,0.5479999999999999,58.0,0.81,683,Not MVP,201.0,90.0,4,"$9,821,429"
453,2017,Treveon Graham,1,189,10.6,6.4,4.7,1.6,0.5,6.0,0.4,0.475,0.6,0.4,15.0,0.667,57,Not MVP,198.0,99.0,1,"$1,312,611"
454,2017,Trevor Ariza,80,2773,12.3,9.0,8.8,2.5,0.6,8.0,6.0,0.409,0.344,0.556,126.0,0.738,936,Not MVP,203.0,97.0,13,"$7,400,000"
455,2017,Trevor Booker,43,1754,15.7,17.2,12.9,2.1,1.2,16.6,3.1,0.516,0.321,0.546,110.0,0.6729999999999999,709,Not MVP,203.0,103.0,7,"$9,571,137"
456,2017,Trey Burke,0,703,10.8,3.8,20.7,0.8,0.6,15.2,0.5,0.455,0.44299999999999995,0.45899999999999996,29.0,0.759,285,Not MVP,185.0,86.0,4,"$784,159"
457,2017,Trey Lyles,4,1158,10.0,11.7,9.6,1.2,1.4,11.9,0.8,0.36200000000000004,0.319,0.4,79.0,0.722,440,Not MVP,208.0,106.0,2,"$2,441,400"
458,2017,Tristan Thompson,78,2336,15.3,16.9,4.6,0.8,2.9,10.8,7.3,0.6,0.0,0.604,213.0,0.498,630,Not MVP,206.0,107.0,6,"$16,400,000"
459,2017,Troy Daniels,3,1183,10.4,4.8,6.6,0.9,0.3,8.0,1.3,0.374,0.389,0.336,54.0,0.7959999999999999,551,Not MVP,193.0,92.0,4,"$3,408,520"
460,2017,Troy Williams,32,1114,9.766666667,7.533333333,6.8666666670000005,2.166666667,1.466666667,14.5,0.2,0.450666667,0.305,0.544333333,21.33333333,0.704333333,370,Not MVP,198.0,97.0,1,"$1,842,176"
462,2017,Tyler Ennis,4,1176,9.866666667,4.466666667,22.16666667,2.0333333330000003,0.233333333,18.63333333,0.3,0.425,0.38333333299999994,0.44733333299999994,16.66666667,0.790333333,456,Not MVP,190.0,87.0,3,"$1,524,305"
463,2017,Tyler Johnson,0,2178,15.9,7.4,16.6,1.9,1.6,8.8,5.8,0.433,0.37200000000000005,0.46,254.0,0.768,1002,Not MVP,193.0,84.0,3,"$5,821,260"
464,2017,Tyler Ulis,15,1123,13.0,4.6,30.5,2.0,0.4,14.1,0.7,0.42100000000000004,0.266,0.455,71.0,0.775,444,Not MVP,178.0,68.0,1,"$1,312,611"
465,2017,Tyler Zeller,5,525,13.0,13.2,12.2,0.7,3.3,10.2,1.0,0.494,0.0,0.49700000000000005,39.0,0.564,178,Not MVP,213.0,114.0,5,"$1,709,538"
466,2017,Tyreke Evans,12,1576,15.4,9.5,24.96666667,2.166666667,1.066666667,12.83333333,0.46666666700000003,0.40633333299999996,0.36466666700000006,0.425,61.33333333,0.7440000000000001,822,Not MVP,198.0,99.0,8,"$3,290,000"
468,2017,Tyus Jones,0,774,13.8,5.0,28.0,3.1,0.6,16.0,1.5,0.414,0.35600000000000004,0.45399999999999996,43.0,0.767,209,Not MVP,188.0,88.0,2,"$1,471,382"
469,2017,Udonis Haslem,0,130,8.4,15.3,6.4,1.9,0.6,21.3,0.2,0.478,0.0,0.55,15.0,0.6,31,Not MVP,203.0,106.0,14,"$2,328,652"
470,2017,Victor Oladipo,67,2222,13.6,7.2,12.5,1.7,0.8,10.6,4.0,0.442,0.361,0.491,154.0,0.753,1067,Not MVP,193.0,95.0,4,"$21,000,000"
471,2017,Vince Carter,15,1799,11.7,7.2,11.5,1.7,1.9,8.5,4.0,0.39399999999999996,0.37799999999999995,0.418,115.0,0.765,586,Not MVP,198.0,99.0,19,"$8,000,000"
472,2017,Wade Baldwin,1,405,6.4,6.5,22.8,2.3,1.7,23.4,-0.4,0.313,0.136,0.355,37.0,0.838,106,Not MVP,193.0,91.0,1,"$2,179,292"
473,2017,Wayne Ellington,13,1500,12.6,4.9,7.1,1.2,0.2,5.0,3.3,0.41600000000000004,0.37799999999999995,0.509,43.0,0.86,648,Not MVP,193.0,90.0,8,"$6,270,000"
474,2017,Wayne Selden,10,472,7.7,4.233333333,7.1333333329999995,1.5,0.3,17.33333333,0.066666667,0.485333333,0.321333333,0.728666667,14.66666667,0.601,142,Not MVP,196.0,104.0,1,"$1,312,611"
475,2017,Wesley Johnson,3,810,8.4,12.5,3.9,1.8,3.0,8.0,0.9,0.365,0.24600000000000002,0.537,17.0,0.647,186,Not MVP,201.0,97.0,7,"$5,881,260"
476,2017,Wesley Matthews,73,2495,11.9,6.0,13.6,1.6,0.6,9.9,3.1,0.39299999999999996,0.363,0.43200000000000005,179.0,0.816,986,Not MVP,185.0,77.0,8,"$17,884,175"
477,2017,Will Barton,19,1705,15.5,8.4,17.7,1.4,1.3,11.5,3.3,0.44299999999999995,0.37,0.483,190.0,0.753,820,Not MVP,198.0,79.0,5,"$3,533,333"
478,2017,Willie Cauley-Stein,21,1421,16.4,13.8,9.4,1.9,2.9,11.2,3.0,0.53,0.0,0.532,151.0,0.669,611,Not MVP,213.0,108.0,2,"$3,704,160"
479,2017,Willie Reed,5,1031,17.1,17.8,3.9,0.9,3.6,8.7,3.6,0.568,0.25,0.573,88.0,0.557,374,Not MVP,206.0,106.0,2,"$1,471,382"
480,2017,Willy Hernangomez,22,1324,18.9,20.4,11.5,1.5,2.2,16.1,3.4,0.529,0.267,0.5379999999999999,125.0,0.728,587,Not MVP,211.0,108.0,1,"$1,435,750"
481,2017,Wilson Chandler,33,2197,14.9,11.5,9.8,1.2,1.1,10.0,3.6,0.461,0.337,0.527,194.0,0.727,1117,Not MVP,203.0,102.0,9,"$12,016,854"
482,2017,Yogi Ferrell,58,2394,11.23333333,5.0,21.4,1.466666667,0.7666666670000001,15.6,1.2,0.395,0.36166666700000005,0.431666667,59.33333333,0.777666667,924,Not MVP,183.0,81.0,1,"$1,312,611"
483,2017,Zach LaVine,47,1749,14.6,5.3,12.6,1.2,0.5,9.9,3.0,0.45899999999999996,0.387,0.515,140.0,0.836,889,Not MVP,196.0,85.0,3,"$3,202,217"
484,2017,Zach Randolph,5,1786,18.5,19.1,13.5,1.1,0.5,8.6,3.2,0.449,0.223,0.474,193.0,0.731,1028,Not MVP,206.0,117.0,16,"$12,307,692"
485,2017,Zaza Pachulia,70,1268,16.1,17.7,13.6,2.2,2.0,19.5,4.7,0.534,0.0,0.5379999999999999,126.0,0.778,426,Not MVP,211.0,122.0,14,"$3,477,600"
